{
	"blue" : 0.07843137254902,
	"green" : 0.215686274509804,
	"red" : 0.431372549019608,
	"tolerance" : 84.10152419354921
}
