{
	"blue" : 0.023529411764706,
	"green" : 0.023529411764706,
	"red" : 0.023529411764706,
	"tolerance" : 84.10152419354921
}
