{
	"blue" : 0.992156862745098,
	"green" : 1.0,
	"red" : 1.0,
	"tolerance" : 84.10152419354921
}
