{
	"blue" : 0.658823529411765,
	"green" : 0.262745098039216,
	"red" : 0.0,
	"tolerance" : 84.10152419354921
}
