{
	"blue" : 0.243137254901961,
	"green" : 0.784313725490196,
	"red" : 0.913725490196078,
	"tolerance" : 84.10152419354921
}
