{
	"blue" : 0.890196078431372,
	"green" : 0.792156862745098,
	"red" : 0.67843137254902,
	"tolerance" : 217.741935483870975
}
