{
	"blue" : 0.380392156862745,
	"green" : 0.631372549019608,
	"red" : 0.196078431372549,
	"tolerance" : 84.10152419354921
}
