{
	"blue" : 0.686274509803922,
	"green" : 0.454901960784314,
	"red" : 0.592156862745098,
	"tolerance" : 84.10152419354921
}
