{
	"blue" : 0.094117647058824,
	"green" : 0.168627450980392,
	"red" : 0.901960784313726,
	"tolerance" : 64.516129032258064
}
